Date,High-Low
8/19/2014,3.3400310000000673
8/18/2014,8.510033000000021
8/15/2014,8.859992000000034
8/14/2014,7.020045999999979
8/13/2014,9.250038000000018
8/12/2014,5.020053999999959
8/11/2014,4.489975000000072
8/8/2014,9.90001499999994
8/7/2014,8.790036999999984
8/6/2014,10.700060000000008
8/5/2014,9.370058000000085
8/4/2014,11.250090999999998
8/1/2014,13.110112999999956
7/31/2014,13.650106999999934
7/30/2014,5.500069000000053
7/29/2014,6.184991999999966
7/28/2014,7.747015000000033
7/25/2014,4.830018999999993
7/24/2014,7.730061999999975
7/23/2014,5.349999999999909
7/22/2014,9.050027999999998
7/21/2014,9.167047999999909
7/18/2014,14.800048999999944
7/17/2014,12.380021000000056
7/16/2014,6.199987000000078
7/15/2014,9.245020000000068
7/14/2014,7.180029999999988
7/11/2014,9.430035999999973
7/10/2014,11.580036999999948
7/9/2014,7.343992999999955
7/8/2014,13.393053000000009
7/7/2014,6.839987000000065
7/3/2014,4.0900139999999965
7/2/2014,5.050044000000071
7/1/2014,7.750013999999965
6/30/2014,4.820043000000055
6/27/2014,6.07005300000003
6/26/2014,10.600054
6/25/2014,14.74007000000006
6/24/2014,11.636098999999945
6/23/2014,10.750062999999955
6/20/2014,7.188047999999981
6/19/2014,6.490027000000055
6/18/2014,9.560031999999978
6/17/2014,5.990000000000009
6/16/2014,8.10003400000005
6/13/2014,6.740042000000017
6/12/2014,9.53004199999998
6/11/2014,4.8600079999999934
6/10/2014,5.7000189999999975
6/9/2014,6.860000000000014
6/6/2014,9.130019000000061
6/5/2014,10.50004899999999
6/4/2014,9.860049000000004
6/3/2014,9.790031999999997
6/2/2014,15.170082999999977
5/30/2014,5.440029000000095
5/29/2014,5.290021000000024
5/28/2014,6.840048000000024
5/27/2014,11.650052999999957
5/23/2014,9.940041000000065
5/22/2014,6.820033999999964
5/21/2014,7.273059999999987
5/20/2014,9.9300649999999
5/19/2014,12.197023999999942
5/16/2014,6.360031999999933
5/15/2014,8.450054000000023
5/14/2014,7.710048999999913
5/13/2014,6.560043999999948
5/12/2014,11.180014000000028
5/9/2014,15.700040000000001
5/8/2014,10.78005300000001
5/7/2014,13.380047999999988
5/6/2014,11.750059000000078
5/5/2014,7.580054000000018
5/2/2014,8.390013999999951
5/1/2014,9.050027
4/30/2014,5.479994000000033
4/29/2014,13.140101000000072
4/28/2014,15.800044999999955
4/25/2014,9.280028000000016
4/24/2014,9.53004199999998
4/23/2014,7.620018999999957
4/22/2014,9.720077999999944
4/21/2014,11.10008300000004
4/17/2014,18.350067999999965
4/16/2014,17.000051999999982
4/15/2014,19.99006399999996
4/14/2014,14.540120000000002
4/11/2014,13.47004800000002
4/10/2014,25.10014799999999
4/9/2014,12.420048000000065
4/8/2014,13.390054000000077
4/7/2014,21.330104000000006
4/4/2014,34.77010100000007
4/3/2014,23.15009800000007
4/2/2014,42.64019499999995
4/1/2014,9.740091000000007
3/31/2014,10.070036999999957
3/28/2014,7.760050999999976
3/27/2014,15.080054000000018
3/26/2014,40.070109999999886
3/25/2014,22.84008999999992
3/24/2014,38.950080999999955
3/21/2014,27.180033999999978
3/20/2014,14.250014999999848
3/19/2014,17.57996000000003
3/18/2014,18.470004000000017
3/17/2014,18.95999400000005
3/14/2014,18.340001999999913
3/13/2014,25.740085000000136
3/12/2014,23.66004799999996
3/11/2014,17.679943000000094
3/10/2014,13.550012000000152
3/7/2014,15.550037999999859
3/6/2014,7.5500580000000355
3/5/2014,11.669941000000108
3/4/2014,6.49999200000002
3/3/2014,15.700012000000015
2/28/2014,17.969966999999997
2/27/2014,7.220089000000144
2/26/2014,15.119963999999982
2/25/2014,14.079945999999836
2/24/2014,15.060048000000052
2/21/2014,7.030048000000079
2/20/2014,6.670059999999921
2/19/2014,11.720055000000002
2/18/2014,12.869980999999825
2/14/2014,11.589930999999979
2/13/2014,20.24004500000001
2/12/2014,8.620094999999992
2/11/2014,19.660119000000122
2/10/2014,13.380065000000059
2/7/2014,17.340049999999792
2/6/2014,12.609976999999844
2/5/2014,22.75003199999992
2/4/2014,17.98993900000005
2/3/2014,49.710005999999794
1/31/2014,35.410000999999966
1/30/2014,25.240048000000115
1/29/2014,22.33012800000006
1/28/2014,15.810042000000067
1/27/2014,44.23006099999998
1/24/2014,30.550047000000177
1/23/2014,8.119936000000052
1/22/2014,9.030074000000013
1/21/2014,12.70003500000007
1/17/2014,16.430033999999978
1/16/2014,9.929920000000038
1/15/2014,11.209970999999996
1/14/2014,22.910053999999946
1/13/2014,29.740135999999893
1/10/2014,16.83008800000016
1/9/2014,18.65992200000005
1/8/2014,14.030076999999892
1/7/2014,18.530042999999978
1/6/2014,12.420057999999926
1/3/2014,12.00003199999992
1/2/2014,9.490044000000125
12/31/2013,14.74012700000003
12/30/2013,11.480023000000074
12/27/2013,7.339921000000004
12/26/2013,10.310002000000168
12/24/2013,7.140077999999903
12/23/2013,10.680037000000084
12/20/2013,13.170051999999941
12/19/2013,12.91004799999996
12/18/2013,25.91003099999989
12/17/2013,12.37999200000013
12/16/2013,12.680062000000135
12/13/2013,18.4000410000001
12/12/2013,13.94001900000012
12/11/2013,16.150058000000172
12/10/2013,16.66001899999992
12/9/2013,14.2900810000001
12/6/2013,9.920116999999891
12/5/2013,8.570103999999901
12/4/2013,13.980084999999917
12/3/2013,14.420084000000088
12/2/2013,15.590104999999994
11/29/2013,7.169975000000022
11/27/2013,7.999981000000162
11/26/2013,18.560062000000016
11/25/2013,18.16993300000013
11/22/2013,6.950037000000066
11/21/2013,12.310090000000173
11/20/2013,13.000045000000114
11/19/2013,11.700021000000106
11/18/2013,19.499975999999833
11/15/2013,7.690106000000014
11/14/2013,9.399985999999899
11/13/2013,26.35003000000006
11/12/2013,12.560047000000054
11/11/2013,7.930017000000021
11/8/2013,10.000006000000099
11/7/2013,16.29004599999996
11/6/2013,11.629997000000003
11/5/2013,14.230043000000023
11/4/2013,10.340020999999979
11/1/2013,10.900036
10/31/2013,17.55006299999991
10/30/2013,11.509981000000153
10/29/2013,23.43998799999997
10/28/2013,10.440065000000004
10/25/2013,18.080058000000122
10/24/2013,15.769974999999931
10/23/2013,34.120086000000015
10/22/2013,17.21004800000003
10/21/2013,19.450044999999932
10/18/2013,41.46006900000009
10/17/2013,11.170027000000005
10/16/2013,14.320040000000063
10/15/2013,11.629997000000003
10/14/2013,10.859968999999978
10/11/2013,8.180034999999975
10/10/2013,8.620033000000035
10/9/2013,19.67004399999996
10/8/2013,14.34999700000003
10/7/2013,9.880051000000094
10/4/2013,7.5099899999999025
10/3/2013,22.000038000000018
10/2/2013,11.540000999999961
10/1/2013,7.6200209999999515
9/30/2013,12.530027000000018
9/27/2013,6.209967000000006
9/26/2013,7.750022999999942
9/25/2013,10.949966000000018
9/24/2013,8.699982999999975
9/23/2013,16.390029000000027
9/20/2013,8.51006499999994
9/19/2013,10.59003999999993
9/18/2013,20.900041999999985
9/17/2013,7.389973999999938
9/16/2013,12.13003399999991
9/13/2013,10.840058999999997
9/12/2013,7.890010999999959
9/11/2013,10.889988000000017
9/10/2013,8.000042000000008
9/9/2013,7.329995999999937
9/6/2013,10.040012000000047
9/5/2013,8.270033000000012
9/4/2013,18.330077000000074
9/3/2013,12.240064000000075
8/30/2013,12.48003499999993
8/29/2013,11.790018000000032
8/28/2013,7.640053999999964
8/27/2013,15.830074999999965
8/26/2013,8.850018999999975
8/23/2013,8.249999000000003
8/22/2013,4.500026999999932
8/21/2013,10.409985000000006
8/20/2013,8.570042999999941
8/19/2013,14.550024000000008
8/16/2013,5.899972000000048
8/15/2013,6.920018000000027
8/14/2013,13.07000800000003
8/13/2013,12.300040999999965
8/12/2013,5.35000500000001
8/9/2013,5.5200119999999515
8/8/2013,10.549972999999909
8/7/2013,9.360042000000021
8/6/2013,13.980024000000071
8/5/2013,6.319997999999941
8/2/2013,6.180010000000038
8/1/2013,9.550022000000013
7/31/2013,10.330035000000066
7/30/2013,14.740003999999999
7/29/2013,13.930032000000097
7/26/2013,7.989994000000024
7/25/2013,10.769971999999939
7/24/2013,9.60001299999999
7/23/2013,13.430057000000033
7/22/2013,15.669992000000093
7/19/2013,27.340056000000004
7/18/2013,16.810055000000034
7/17/2013,10.560021000000006
7/16/2013,14.070020999999997
7/15/2013,11.63998300000003
7/12/2013,7.760008999999968
7/11/2013,12.289993999999979
7/10/2013,10.759986000000026
7/9/2013,14.970051000000012
7/8/2013,9.189973000000009
7/5/2013,8.070065999999997
7/3/2013,10.669989999999984
7/2/2013,13.730006000000003
7/1/2013,7.08003999999994
6/28/2013,7.65003999999999
6/27/2013,8.040046999999959
6/26/2013,7.4299800000000005
6/25/2013,15.17007799999999
6/24/2013,13.07000800000003
6/21/2013,16.80999399999996
6/20/2013,17.690051999999923
6/19/2013,13.340059999999994
6/18/2013,12.650042999999982
6/17/2013,11.149992999999995
6/14/2013,10.570007000000032
6/13/2013,14.160018000000036
6/12/2013,16.350023999999962
6/11/2013,7.480032999999935
6/10/2013,10.910022000000026
6/7/2013,14.680026999999995
6/6/2013,19.11003000000005
6/5/2013,12.320013999999901
6/4/2013,16.520032000000015
6/3/2013,18.950008000000025
5/31/2013,9.479997000000026
5/30/2013,12.490020999999956
5/29/2013,13.700046999999927
5/28/2013,11.740026999999941
5/24/2013,7.809999999999945
5/23/2013,15.960016999999993
5/22/2013,22.43005100000005
5/21/2013,14.049987000000101
5/20/2013,15.60002899999995
5/17/2013,12.970025000000078
5/16/2013,17.97002800000007
5/15/2013,22.360025000000064
5/14/2013,11.54998599999999
5/13/2013,9.089989999999943
5/10/2013,8.380001000000107
5/9/2013,11.430032000000097
5/8/2013,20.970006000000012
5/7/2013,13.200011000000018
5/6/2013,13.590016999999989
5/3/2013,10.799991999999975
5/2/2013,15.500045999999998
5/1/2013,8.360029000000054
4/30/2013,9.96000099999992
4/29/2013,19.700002999999924
4/26/2013,11.160041000000092
4/25/2013,8.839970999999991
4/24/2013,10.000005999999985
4/23/2013,15.139996999999994
4/22/2013,28.960060999999996
4/19/2013,37.18004099999996
4/18/2013,24.54004400000008
4/17/2013,12.739978999999948
4/16/2013,12.079981999999973
4/15/2013,19.980039999999917
4/12/2013,9.17000100000007
4/11/2013,9.039997999999969
4/10/2013,16.350023999999962
4/9/2013,10.64003200000002
4/8/2013,11.150053999999955
4/5/2013,10.59003999999993
4/4/2013,14.450040999999942
4/3/2013,13.529978000000028
4/2/2013,10.830011000000013
4/1/2013,9.000053999999977
3/28/2013,12.06999600000006
3/27/2013,5.669986999999992
3/26/2013,6.210028999999963
3/25/2013,12.410011000000054
3/22/2013,5.600023000000078
3/21/2013,7.07005300000003
3/20/2013,6.0700409999999465
3/19/2013,12.800018000000023
3/18/2013,11.290043000000082
3/15/2013,6.960022999999978
3/14/2013,9.600013999999987
3/13/2013,8.380000999999993
3/12/2013,8.219980000000078
3/11/2013,8.200007000000028
3/8/2013,9.870002999999997
3/7/2013,7.0400339999999915
3/6/2013,15.189989000000082
3/5/2013,11.25003700000002
3/4/2013,17.84002600000008
3/1/2013,10.989971999999966
2/28/2013,5.960011000000009
2/27/2013,13.640008999999964
2/26/2013,11.550047000000063
2/25/2013,17.920037000000093
2/22/2013,7.450013000000013
2/21/2013,14.230042000000026
2/20/2013,17.18002899999999
2/19/2013,11.719993999999929
2/15/2013,6.190057000000024
2/14/2013,10.9700610000001
2/13/2013,5.380023999999935
2/12/2013,8.529975000000036
2/11/2013,9.25007299999993
2/8/2013,7.109998000000019
2/7/2013,13.310040999999956
2/6/2013,14.459965999999895
2/5/2013,11.63998300000003
2/4/2013,12.20005900000001
2/1/2013,18.500084000000015
1/31/2013,7.3700019999999995
1/30/2013,8.039985999999999
1/29/2013,10.409985000000006
1/28/2013,7.710017999999991
1/25/2013,8.230026000000066
1/24/2013,16.32000400000004
1/23/2013,13.210058000000004
1/22/2013,9.82001200000002
1/18/2013,11.440017000000012
1/17/2013,8.620033000000035
1/16/2013,10.669988999999987
1/15/2013,22.900007000000073
1/14/2013,19.850037999999927
1/11/2013,6.13001799999995
1/10/2013,11.499995000000013
1/9/2013,9.75004899999999
1/8/2013,11.870030000000042
1/7/2013,8.800027
1/4/2013,13.790044999999964
1/3/2013,11.210031999999956
1/2/2013,10.450052000000028
12/31/2012,14.570058000000017
12/28/2012,6.899984000000018
12/27/2012,10.229990999999927
12/26/2012,10.470023999999967
12/24/2012,7.710017999999991
12/21/2012,8.29998999999998
12/20/2012,7.679999000000066
12/19/2012,6.319998000000055
12/18/2012,14.050048999999944
12/17/2012,17.90006500000004
12/14/2012,9.389999999999986
12/13/2012,16.9200239999999
12/12/2012,10.030025000000023
12/11/2012,14.200022999999987
12/10/2012,7.85999199999992
12/7/2012,14.459967000000006
12/6/2012,11.10000100000002
12/5/2012,12.170039999999972
12/4/2012,9.810026999999991
12/3/2012,11.780032000000006
11/30/2012,13.530040000000099
11/29/2012,11.899988000000008
11/28/2012,21.019997999999987
11/27/2012,17.00003499999991
11/26/2012,7.980007999999998
11/23/2012,3.9000069999999596
11/21/2012,9.400047000000086
11/20/2012,13.43005699999992
11/19/2012,13.389991000000009
11/16/2012,17.020067999999924
11/15/2012,16.10000500000001
11/14/2012,11.680049999999937
11/13/2012,9.369966999999974
11/12/2012,8.930029000000104
11/9/2012,18.039991999999984
11/8/2012,20.260016999999948
11/7/2012,11.740027000000055
11/6/2012,8.950063
11/5/2012,11.300028999999995
11/2/2012,8.180034999999975
11/1/2012,12.180025
10/31/2012,6.000016000000073
10/26/2012,11.830024000000094
10/25/2012,8.490031000000045
10/24/2012,11.730041000000028
10/23/2012,15.330037999999945
10/22/2012,14.930045999999948
10/19/2012,34.700072999999975
10/18/2012,83.42011400000001
10/17/2012,16.08003199999996
10/16/2012,10.530001000000084
10/15/2012,13.13004699999999
10/12/2012,10.77003400000001
10/11/2012,8.210055000000011
10/10/2012,9.240025999999943
10/9/2012,18.790047000000072
10/8/2012,9.430004999999937
10/5/2012,9.370028000000048
10/4/2012,10.489995000000022
10/3/2012,11.719993999999929
10/2/2012,15.719984000000068
10/1/2012,8.790041999999971
9/28/2012,8.15001600000005
9/27/2012,11.190059999999903
9/26/2012,20.24004500000001
9/25/2012,17.230019999999968
9/24/2012,19.789998999999966
9/21/2012,4.799976000000015
9/20/2012,10.160028000000011
9/19/2012,12.150006000000076
9/18/2012,11.880015999999955
9/17/2012,7.880025000000046
9/14/2012,5.989967999999976
9/13/2012,18.46001799999999
9/12/2012,14.030077000000006
9/11/2012,9.650004999999965
9/10/2012,14.420022000000017
9/7/2012,14.580044000000044
9/6/2012,15.160031000000004
9/5/2012,7.360016000000087
9/4/2012,11.499994000000015
8/31/2012,8.54002300000002
8/30/2012,7.21004199999993
8/29/2012,12.840023000000087
8/28/2012,12.880028000000038
8/27/2012,12.76001199999996
8/24/2012,6.3700509999999895
8/23/2012,9.479996999999912
8/22/2012,13.900013000000058
8/21/2012,15.830075999999963
8/20/2012,6.210028999999963
8/17/2012,5.550031999999987
8/16/2012,7.560043000000064
8/15/2012,10.150042000000099
8/14/2012,13.850021999999967
8/13/2012,13.470002000000022
8/10/2012,6.110046000000011
8/9/2012,4.850028000000066
8/8/2012,7.370063999999957
8/7/2012,7.790029000000004
8/6/2012,10.160028000000011
8/3/2012,7.580015000000003
8/2/2012,14.620049999999992
8/1/2012,8.129983000000038
7/31/2012,8.280019000000038
7/30/2012,13.100026999999955
7/27/2012,17.500011000000086
7/26/2012,6.840007000000014
7/25/2012,8.01002799999992
7/24/2012,13.590016999999989
7/23/2012,20.100056999999993
7/20/2012,14.760038000000009
7/19/2012,12.48003499999993
7/18/2012,7.5600429999999506
7/17/2012,12.270023000000037
7/16/2012,7.410007000000064
7/13/2012,10.600025999999957
7/12/2012,9.83998500000007
7/11/2012,12.909987000000001
7/10/2012,13.690000000000055
7/9/2012,7.350031000000058
7/6/2012,10.700009000000023
7/5/2012,11.520028000000025
7/3/2012,10.409985000000006
7/2/2012,6.49999200000002
6/29/2012,7.929955000000064
6/28/2012,9.020027000000027
6/27/2012,7.970021999999972
6/26/2012,7.120045000000005
6/25/2012,10.740014000000087
6/22/2012,5.660001000000079
6/21/2012,16.110052999999994
6/20/2012,6.490005999999994
6/19/2012,11.16003999999998
6/18/2012,14.960003000000029
6/15/2012,7.4299800000000005
6/14/2012,8.550008999999932
6/13/2012,8.32002399999999
6/12/2012,11.719994000000042
6/11/2012,18.630025000000046
6/8/2012,6.419981000000007
6/7/2012,10.64003200000002
6/6/2012,8.359966999999983
6/5/2012,11.660016999999925
6/4/2012,10.480009999999993
6/1/2012,4.2999999999999545
5/31/2012,11.000019000000066
5/30/2012,8.37001500000008
5/29/2012,10.81003899999996
5/25/2012,13.450028999999972
5/24/2012,13.050035999999977
5/23/2012,12.480035999999927
5/22/2012,17.81000700000004
5/21/2012,15.690025999999989
5/18/2012,35.720057999999995
5/17/2012,16.620075000000043
5/16/2012,14.160017999999923
5/15/2012,11.250038000000018
5/14/2012,7.9200309999999945
5/11/2012,9.780006999999955
5/10/2012,5.960010000000011
5/9/2012,14.570058000000017
5/8/2012,16.199987999999962
5/7/2012,15.570010000000025
5/4/2012,11.080029999999965
5/3/2012,5.8799999999999955
5/2/2012,7.500004999999987
5/1/2012,11.410059000000047
4/30/2012,15.47002699999996
4/27/2012,6.14000400000009
4/26/2012,8.30005099999994
4/25/2012,8.469997999999919
4/24/2012,9.309988999999973
4/23/2012,8.249999000000003
4/20/2012,13.020015999999941
4/19/2012,17.260039000000006
4/18/2012,9.990020000000072
4/17/2012,10.67997600000001
4/16/2012,22.150011999999947
4/13/2012,25.450061000000005
4/12/2012,12.880028999999922
4/11/2012,4.699993000000063
4/10/2012,9.950015000000008
4/9/2012,10.04001100000005
4/5/2012,7.859992000000034
4/4/2012,7.900059000000056
4/3/2012,9.309988999999973
4/2/2012,12.660030000000006
3/30/2012,12.490020999999956
3/29/2012,12.28999500000009
3/28/2012,7.510050999999976
3/27/2012,8.700043999999934
3/26/2012,9.950015000000008
3/23/2012,7.600048000000015
3/22/2012,17.800020000000018
3/21/2012,14.879992000000016
3/20/2012,8.790040999999974
3/19/2012,16.030040999999983
3/16/2012,5.860027999999943
3/15/2012,8.67002500000001
3/14/2012,9.32003599999996
3/13/2012,12.300041999999962
3/12/2012,7.740037000000029
3/9/2012,11.899988000000008
3/8/2012,5.149977000000035
3/7/2012,5.3299710000000005
3/6/2012,14.970051000000012
3/5/2012,11.109988000000044
3/2/2012,3.67994699999997
3/1/2012,7.549995999999965
2/29/2012,10.09998900000005
2/28/2012,12.090028000000075
2/27/2012,7.30003899999997
2/24/2012,6.140003999999976
2/23/2012,7.590001000000029
2/22/2012,10.070030999999972
2/21/2012,15.000008999999977
2/17/2012,5.229987999999935
2/16/2012,11.080029999999965
2/15/2012,10.370041000000015
2/14/2012,7.2400610000000825
2/13/2012,3.82005700000002
2/10/2012,4.129992000000016
2/9/2012,5.500040000000013
2/8/2012,6.610021999999958
2/7/2012,5.629981999999927
2/6/2012,16.82004100000006
2/3/2012,9.020026999999914
2/2/2012,4.330018999999993
2/1/2012,6.360003000000006
1/31/2012,8.850018000000091
1/30/2012,6.599974999999972
1/27/2012,10.99003300000004
1/26/2012,9.930041999999958
1/25/2012,12.330000000000041
1/24/2012,9.680024000000003
1/23/2012,5.499979000000053
1/20/2012,9.30000300000006
1/19/2012,9.529989
1/18/2012,11.880015000000071
1/17/2012,6.300025999999889
1/13/2012,5.890046999999981
1/12/2012,6.389960999999971
1/11/2012,8.269970999999941
1/10/2012,16.890004999999974
1/9/2012,25.770042999999987
1/6/2012,10.210018999999988
1/5/2012,7.740037000000029
1/4/2012,9.630033000000026
1/3/2012,15.780023000000028
12/30/2011,4.739998000000014
12/29/2011,7.800013999999919
12/28/2011,6.900045999999975
12/27/2011,12.490021999999954
12/23/2011,4.120006999999987
12/22/2011,4.720026999999959
12/21/2011,12.860056999999983
12/20/2011,3.8499550000000227
12/19/2011,8.50001700000007
12/16/2011,7.850006000000008
12/15/2011,5.309998999999948
12/14/2011,11.830024000000094
12/13/2011,13.710033000000067
12/12/2011,5.889985000000024
12/9/2011,12.120047999999997
12/8/2011,12.150005999999962
12/7/2011,7.559981999999991
12/6/2011,8.380000999999993
12/5/2011,9.500031000000035
12/2/2011,7.739975999999956
12/1/2011,17.000034000000028
11/30/2011,7.420054999999934
11/29/2011,9.030013000000054
11/28/2011,12.320014000000015
11/25/2011,12.940066999999999
11/23/2011,10.139994999999999
11/22/2011,9.73001499999998
11/21/2011,16.409999999999968
11/18/2011,10.75006200000007
11/17/2011,15.510032000000024
11/16/2011,7.689983999999981
11/15/2011,7.5800160000000005
11/14/2011,10.300016000000028
11/11/2011,13.490033999999923
11/10/2011,14.390063999999938
11/9/2011,10.730028999999945
11/8/2011,10.77003400000001
11/7/2011,16.54998999999998
11/4/2011,7.310024999999996
11/3/2011,13.78005799999994
11/2/2011,7.480032000000051
11/1/2011,8.760021999999935
10/31/2011,8.020013000000063
10/28/2011,8.049972000000025
10/27/2011,9.399986000000013
10/26/2011,17.320017000000007
10/25/2011,12.150005999999962
10/24/2011,13.470000999999911
10/21/2011,6.0500070000000505
10/20/2011,9.38001399999996
10/19/2011,12.840022999999974
10/18/2011,15.160030000000006
10/17/2011,13.829988000000071
10/14/2011,12.030051999999955
10/13/2011,10.979986000000054
10/12/2011,10.60002600000007
10/11/2011,13.339997999999923
10/10/2011,14.270047999999974
10/7/2011,10.200033000000019
10/6/2011,12.630041000000006
10/5/2011,27.03006099999999
10/4/2011,22.84002899999996
10/3/2011,17.000035000000025
9/30/2011,9.620047
9/29/2011,17.890017000000057
9/28/2011,16.320003999999926
9/27/2011,11.000019000000066
9/26/2011,19.679998999999953
9/23/2011,11.92002100000002
9/22/2011,14.780072000000018
9/21/2011,16.14000999999996
9/20/2011,15.849986000000058
9/19/2011,14.52006700000004
9/16/2011,3.700042000000053
9/15/2011,10.419971000000032
9/14/2011,11.130022000000054
9/13/2011,10.480009999999993
9/12/2011,14.490047000000004
9/9/2011,13.460014999999999
9/8/2011,7.199994999999944
9/7/2011,8.54002300000002
9/6/2011,12.260004999999921
9/2/2011,7.190007999999921
9/1/2011,12.610038000000031
8/31/2011,10.300077999999985
8/30/2011,12.180025999999998
8/29/2011,5.889985000000024
8/26/2011,17.31003099999998
8/25/2011,18.969979999999964
8/24/2011,12.770060000000058
8/23/2011,22.350070000000017
8/22/2011,12.470049999999958
8/19/2011,24.010019
8/18/2011,24.400056000000006
8/17/2011,12.920033999999987
8/16/2011,22.14008799999999
8/15/2011,18.940022
8/12/2011,10.10005000000001
8/11/2011,20.09000900000001
8/10/2011,16.390027999999916
8/9/2011,33.600014999999985
8/8/2011,24.650014000000056
8/5/2011,28.00005299999998
8/4/2011,21.380045999999993
8/3/2011,19.370034000000032
8/2/2011,18.10003000000006
8/1/2011,16.320065999999997
7/29/2011,11.270009000000073
7/28/2011,12.98001099999999
7/27/2011,16.20004899999992
7/26/2011,10.279982999999902
7/25/2011,12.410072000000014
7/22/2011,15.23005599999999
7/21/2011,14.050049000000058
7/20/2011,7.479970999999978
7/19/2011,9.15002800000002
7/18/2011,10.050059000000033
7/15/2011,12.090028999999959
7/14/2011,15.269999999999982
7/13/2011,7.520038
7/12/2011,13.420071000000007
7/11/2011,10.480009999999993
7/8/2011,10.380026999999927
7/7/2011,14.799982
7/6/2011,5.470020999999974
7/5/2011,10.100051000000008
7/1/2011,14.800013000000035
6/30/2011,5.169981000000007
6/29/2011,7.870008999999982
6/28/2011,12.190011000000027
6/27/2011,14.800043000000016
6/24/2011,7.730019999999968
6/23/2011,9.130026000000043
6/22/2011,5.620025999999996
6/21/2011,9.210037
6/20/2011,7.000028999999984
6/17/2011,21.890038000000004
6/16/2011,9.900023000000033
6/15/2011,7.740006999999991
6/14/2011,7.0899950000000445
6/13/2011,8.03003000000001
6/10/2011,7.400021999999979
6/9/2011,4.359976999999958
6/8/2011,5.460034999999948
6/7/2011,5.640029000000027
6/6/2011,7.5700290000000905
6/3/2011,6.099999000000025
6/2/2011,7.819985999999972
6/1/2011,7.890010999999959
5/31/2011,5.55003099999999
5/27/2011,5.489993000000027
5/26/2011,7.120045000000005
5/25/2011,5.520012000000065
5/24/2011,5.810035999999968
5/23/2011,6.599973999999975
5/20/2011,8.860005000000001
5/19/2011,6.820034999999962
5/18/2011,4.630030000000033
5/17/2011,16.19000099999994
5/16/2011,10.870016999999962
5/13/2011,6.870026999999936
5/12/2011,6.0300359999999955
5/11/2011,9.860017999999968
5/10/2011,6.889997999999991
5/9/2011,7.3899750000000495
5/6/2011,6.27999299999999
5/5/2011,7.920031000000108
5/4/2011,5.980044000000021
5/3/2011,12.380052999999975
5/2/2011,8.610048000000006
4/29/2011,5.589975999999979
4/28/2011,5.1700100000000475
4/27/2011,3.7600190000000566
4/26/2011,12.230017000000089
4/25/2011,4.990016999999966
4/21/2011,5.889986000000022
4/20/2011,5.430015000000026
4/19/2011,9.980034000000046
4/18/2011,8.659978000000024
4/15/2011,15.690025999999989
4/14/2011,7.350030000000061
4/13/2011,5.85004200000003
4/12/2011,8.860005000000001
4/11/2011,5.099986000000058
4/8/2011,6.830020999999988
4/7/2011,6.449999999999932
4/6/2011,7.159988999999996
4/5/2011,15.809980999999993
4/4/2011,11.640043999999989
4/1/2011,6.430027999999993
3/31/2011,6.420041999999967
3/30/2011,4.919991999999979
3/29/2011,8.880038000000013
3/28/2011,10.279983000000016
3/25/2011,7.670011999999929
3/24/2011,9.590028000000075
3/23/2011,10.449989999999957
3/22/2011,6.71999100000005
3/21/2011,10.780020000000036
3/18/2011,8.249999000000003
3/17/2011,8.460012000000006
3/16/2011,18.51007100000004
3/15/2011,15.500045999999998
3/14/2011,10.269995999999992
3/11/2011,6.669998999999962
3/10/2011,7.170035999999982
3/9/2011,8.760021999999935
3/8/2011,7.780042999999978
3/7/2011,16.690038999999956
3/4/2011,8.780055999999945
3/3/2011,6.4900049999999965
3/2/2011,10.81003899999996
3/1/2011,19.92000100000007
2/28/2011,8.479983999999945
2/25/2011,5.220002000000022
2/24/2011,11.740027000000055
2/23/2011,10.700009000000023
2/22/2011,17.160056000000054
2/18/2011,6.99996699999997
2/17/2011,6.970009000000005
2/16/2011,4.400045000000091
2/15/2011,6.989981999999941
2/14/2011,9.60001299999999
2/11/2011,12.00003199999992
2/10/2011,5.939976999999999
2/9/2011,7.110059000000092
2/8/2011,5.120018999999957
2/7/2011,9.179986999999983
2/4/2011,4.829996000000051
2/3/2011,5.319984999999974
2/2/2011,6.809987999999976
2/1/2011,10.239977000000067
1/31/2011,8.920042999999964
1/28/2011,20.600032000000056
1/27/2011,6.450001000000043
1/26/2011,7.209981000000084
1/25/2011,14.170002999999951
1/24/2011,11.260022999999933
1/21/2011,30.370052999999984
1/20/2011,10.790005999999948
1/19/2011,13.299992999999972
1/18/2011,16.720057999999995
1/14/2011,7.190008999999918
1/13/2011,5.510026999999923
1/12/2011,4.579976999999985
1/11/2011,4.2999999999999545
1/10/2011,6.830021000000102
1/7/2011,8.119996000000015
1/6/2011,8.380000999999993
1/5/2011,10.280043999999975
1/4/2011,6.059993000000077
1/3/2011,9.109961999999996
12/31/2010,6.390022999999928
12/30/2010,3.9400120000000243
12/29/2010,3.4900279999999384
12/28/2010,5.860027000000059
12/27/2010,4.280028000000016
12/23/2010,3.9700319999999465
12/22/2010,3.7200129999999945
12/21/2010,7.110058999999978
12/20/2010,9.219992999999931
12/17/2010,4.890034000000014
12/16/2010,5.70000600000003
12/15/2010,7.300039000000083
12/14/2010,5.810035999999968
12/13/2010,8.90999700000009
12/10/2010,3.700042000000053
12/9/2010,6.580001999999922
12/8/2010,8.829986000000076
12/7/2010,7.000028999999927
12/6/2010,5.390009999999961
12/3/2010,8.479984000000059
12/2/2010,7.9800089999999955
12/1/2010,9.169999999999959
11/30/2010,21.010072000000036
11/29/2010,9.850031000000058
11/26/2010,5.980044000000021
11/24/2010,9.550022000000013
11/23/2010,10.810039999999958
11/22/2010,10.690022999999997
11/19/2010,7.550056999999924
11/18/2010,11.419984
11/17/2010,8.129982000000041
11/16/2010,14.440055999999913
11/15/2010,9.950015000000008
11/12/2010,15.690025999999989
11/11/2010,5.640028000000029
11/10/2010,5.4900539999999864
11/9/2010,10.340020999999979
11/8/2010,6.3600040000000035
11/5/2010,4.3799490000000105
11/4/2010,7.8200480000000425
11/3/2010,8.330009999999902
11/2/2010,5.419967999999926
11/1/2010,9.449977000000104
10/29/2010,6.010001999999986
10/28/2010,7.700031000000081
10/27/2010,7.670012999999926
10/26/2010,10.199972000000002
10/25/2010,9.770020999999929
10/22/2010,4.77001800000005
10/21/2010,10.000006000000099
10/20/2010,9.87999000000002
10/19/2010,11.960026999999968
10/18/2010,19.140048999999976
10/15/2010,10.04001100000005
10/14/2010,8.14002999999991
10/13/2010,5.160024000000021
10/12/2010,8.200007000000028
10/11/2010,7.43004099999996
10/8/2010,9.980033999999932
10/7/2010,8.060019000000011
10/6/2010,10.010053000000084
10/5/2010,13.450028999999972
10/4/2010,9.400047000000086
10/1/2010,7.620021000000065
9/30/2010,12.949992000000066
9/29/2010,8.23002699999995
9/28/2010,15.139997999999991
9/27/2010,8.000042000000008
9/24/2010,9.569994000000065
9/23/2010,8.38998700000002
9/22/2010,6.100029999999947
9/21/2010,11.070013000000017
9/20/2010,18.350018999999975
9/17/2010,10.020009000000016
9/16/2010,3.0400130000000445
9/15/2010,3.3900150000000053
9/14/2010,4.670005000000003
9/13/2010,4.820010000000025
9/10/2010,4.710010000000011
9/9/2010,9.820042999999998
9/8/2010,7.990025000000003
9/7/2010,4.5700219999999945
9/3/2010,4.440019000000007
9/2/2010,4.120007000000044
9/1/2010,12.440029999999979
8/31/2010,6.870026999999993
8/30/2010,7.340012999999999
8/27/2010,12.340017000000046
8/26/2010,6.8200350000000185
8/25/2010,7.810030999999981
8/24/2010,7.450013000000013
8/23/2010,10.520014999999944
8/20/2010,10.570037000000013
8/19/2010,15.260044999999991
8/18/2010,9.320006000000035
8/17/2010,8.669994000000031
8/16/2010,9.370028000000048
8/13/2010,5.1799969999999576
8/12/2010,12.240003000000002
8/11/2010,6.500022000000001
8/10/2010,7.430010000000038
8/9/2010,4.140008999999964
8/6/2010,9.69001099999997
8/5/2010,5.040008
8/4/2010,15.950030999999967
8/3/2010,5.70000600000003
8/2/2010,6.340001000000029
7/30/2010,8.220011
7/29/2010,9.550022000000013
7/28/2010,12.580017999999995
7/27/2010,7.330028000000027
7/26/2010,5.870012999999972
7/23/2010,10.580022999999983
7/22/2010,6.49999200000002
7/21/2010,10.269996000000049
7/20/2010,22.39004399999999
7/19/2010,12.130033999999966
7/16/2010,11.04002399999996
7/15/2010,12.020004000000029
7/14/2010,7.370002999999997
7/13/2010,12.710019999999986
7/12/2010,8.360028999999997
7/9/2010,10.480041000000028
7/8/2010,7.670011999999986
7/7/2010,15.910025000000019
7/6/2010,14.040032999999994
7/2/2010,6.2800229999999715
7/1/2010,14.770023999999978
6/30/2010,13.110044000000016
6/29/2010,13.430025999999998
6/28/2010,8.54002300000002
6/25/2010,7.0899950000000445
6/24/2010,9.490012999999976
6/23/2010,8.730034000000046
6/22/2010,10.870016000000021
6/21/2010,16.080002999999977
6/18/2010,5.339988000000005
6/17/2010,9.180018000000018
6/16/2010,7.890011000000015
6/15/2010,18.220015999999987
6/14/2010,11.310015000000021
6/11/2010,7.090026000000023
6/10/2010,12.659999000000028
6/9/2010,16.880049999999983
6/8/2010,11.300028999999995
6/7/2010,17.76004599999999
6/4/2010,12.55003000000005
6/3/2010,13.30002399999995
6/2/2010,12.410010999999997
6/1/2010,10.940009999999972
5/28/2010,10.45002100000005
5/27/2010,11.26002299999999
5/26/2010,14.760038000000009
5/25/2010,13.440012000000024
5/24/2010,12.990027999999995
5/21/2010,20.600063000000034
5/20/2010,11.780033000000003
5/19/2010,11.70002199999999
5/18/2010,13.900044000000037
5/17/2010,10.010021999999992
5/14/2010,14.740034999999978
5/13/2010,11.630028000000038
5/12/2010,10.040041999999971
5/11/2010,11.660046999999963
5/10/2010,10.22003600000005
5/7/2010,23.990047000000004
5/6/2010,57.52009899999996
5/5/2010,15.250028000000043
5/4/2010,22.530034000000057
5/3/2010,7.840019999999981
4/30/2010,12.240003000000002
4/29/2010,9.829998000000046
4/28/2010,13.800029999999992
4/27/2010,11.100063000000091
4/26/2010,15.780023000000028
4/23/2010,7.049959000000058
4/22/2010,9.15002800000002
4/21/2010,8.09003800000005
4/20/2010,8.60000100000002
4/19/2010,8.990006999999991
4/16/2010,19.18005400000004
4/15/2010,9.550021000000015
4/14/2010,8.330009000000018
4/13/2010,17.750028999999927
4/12/2010,7.78004199999998
4/9/2010,4.77001800000005
4/8/2010,9.800041000000078
4/7/2010,6.889998999999989
4/6/2010,5.4900539999999864
4/5/2010,5.880060999999955
4/1/2010,7.899997999999982
3/31/2010,6.93000399999994
3/30/2010,7.349968999999987
3/29/2010,4.150026000000025
3/26/2010,7.370002999999997
3/25/2010,13.339999000000034
3/24/2010,20.150048000000083
3/23/2010,16.310078999999973
3/22/2010,12.56997100000001
3/19/2010,10.720043000000032
3/18/2010,5.4800070000000005
3/17/2010,7.199994000000061
3/16/2010,7.660026000000016
3/15/2010,13.450029000000086
3/12/2010,9.120008999999982
3/11/2010,12.01001800000006
3/10/2010,16.289984000000004
3/9/2010,8.160001999999963
3/8/2010,4.169998000000078
3/5/2010,7.769994999999994
3/4/2010,9.930042999999955
3/3/2010,8.869991000000027
3/2/2010,10.650016999999934
3/1/2010,5.550031999999987
2/26/2010,8.270032000000015
2/25/2010,8.490032000000042
2/24/2010,7.930016000000023
2/23/2010,11.340033999999946
2/22/2010,6.499991000000023
2/19/2010,4.330018999999993
2/18/2010,8.869991000000027
2/17/2010,5.790002999999956
2/16/2010,9.829998000000046
2/12/2010,6.65002800000002
2/11/2010,10.99003300000004
2/10/2010,10.099988999999937
2/9/2010,6.460047999999915
2/8/2010,10.470023999999967
2/5/2010,11.039963000000057
2/4/2010,12.440029999999979
2/3/2010,13.87005499999998
2/2/2010,7.350029999999947
2/1/2010,5.510027000000036
1/29/2010,15.380030000000033
1/28/2010,16.40001499999994
1/27/2010,12.339986000000067
1/26/2010,13.310040999999956
1/25/2010,14.37003100000004
1/22/2010,35.74009100000001
1/21/2010,14.569997000000058
1/20/2010,10.690022999999997
1/19/2010,14.129998
1/15/2010,15.520017999999936
1/14/2010,11.389964000000077
1/13/2010,14.480060999999978
1/12/2010,10.160027000000014
1/11/2010,10.420031999999992
1/8/2010,14.140045999999984
1/7/2010,17.35003699999993
1/6/2010,19.500036000000023
1/5/2010,6.300026000000003
1/4/2010,5.269993999999997
12/31/2009,5.419967999999926
12/30/2009,4.719965000000002
12/29/2009,6.550043999999957
12/28/2009,7.509990000000016
12/24/2009,7.249985999999922
12/23/2009,10.020039999999995
12/22/2009,2.649976000000038
12/21/2009,4.169997999999964
12/18/2009,3.929966000000036
12/17/2009,3.8800350000000208
12/16/2009,3.7299999999999045
12/15/2009,5.390009999999961
12/14/2009,4.699993000000063
12/11/2009,7.020001000000093
12/10/2009,4.2999999999999545
12/9/2009,5.749998000000005
12/8/2009,8.660038999999983
12/7/2009,7.690045999999938
12/4/2009,15.650020999999924
12/3/2009,6.450000999999929
12/2/2009,6.790015999999923
12/1/2009,8.21997900000008
11/30/2009,6.559969000000024
11/27/2009,11.490069999999946
11/25/2009,4.370024999999941
11/24/2009,7.749961999999982
11/23/2009,10.740013999999974
11/20/2009,2.1999920000000657
11/19/2009,4.000050999999985
11/18/2009,6.710005000000024
11/17/2009,3.7799909999999954
11/16/2009,4.210004000000026
11/13/2009,5.900032999999894
11/12/2009,7.399959999999965
11/11/2009,7.639993000000004
11/10/2009,6.77996799999994
11/9/2009,8.350043000000028
11/6/2009,6.280053000000066
11/5/2009,7.110059000000092
11/4/2009,9.080003999999917
11/3/2009,9.200019999999995
11/2/2009,11.220018000000096
10/30/2009,15.930059000000028
10/29/2009,10.830011000000013
10/28/2009,11.750012999999967
10/27/2009,10.399999000000093
10/26/2009,10.750061999999957
10/23/2009,6.690031999999974
10/22/2009,7.0000290000000405
10/21/2009,10.350007000000005
10/20/2009,12.249988999999914
10/19/2009,4.870001000000002
10/16/2009,10.220005000000015
10/15/2009,9.630032000000028
10/14/2009,5.579988999999955
10/13/2009,6.080026999999973
10/12/2009,6.4400139999999055
10/9/2009,7.010014999999953
10/8/2009,9.910039000000097
10/7/2009,21.18001799999996
10/6/2009,7.670011999999986
10/5/2009,9.090019999999981
10/2/2009,9.14001300000001
10/1/2009,9.470011
9/30/2009,12.900001000000032
9/29/2009,6.740024000000005
9/28/2009,8.200038000000006
9/25/2009,7.930017000000021
9/24/2009,8.409989999999993
9/23/2009,9.290016999999978
9/22/2009,4.1800139999999715
9/21/2009,12.68003200000004
9/18/2009,5.749998000000005
9/17/2009,10.220005000000015
9/16/2009,10.890018999999995
9/15/2009,6.200012000000015
9/14/2009,6.750010000000032
9/11/2009,5.670016999999973
9/10/2009,8.940016000000014
9/9/2009,7.470015999999987
9/8/2009,11.15002400000003
9/4/2009,6.8200049999999806
9/3/2009,3.250025999999991
9/2/2009,5.740011000000038
9/1/2009,12.400025000000028
8/31/2009,3.8600320000000465
8/28/2009,8.990007999999989
8/27/2009,7.850006000000008
8/26/2009,6.300026000000003
8/25/2009,5.630011999999965
8/24/2009,5.670016999999973
8/21/2009,3.4400060000000394
8/20/2009,10.950026999999977
8/19/2009,6.440015000000017
8/18/2009,5.379993000000013
8/17/2009,8.870022000000006
8/14/2009,6.290009000000055
8/13/2009,5.81000499999999
8/12/2009,6.829991000000007
8/11/2009,4.849997999999971
8/10/2009,4.620012999999972
8/7/2009,4.430001999999945
8/6/2009,6.350017000000037
8/5/2009,9.030012
8/4/2009,5.570002999999986
8/3/2009,6.259990000000016
7/31/2009,10.26999699999999
7/30/2009,8.860004000000004
7/29/2009,5.910019000000034
7/28/2009,6.710004999999967
7/27/2009,9.140012000000013
7/24/2009,15.490030000000047
7/23/2009,15.71002900000002
7/22/2009,6.7000189999999975
7/21/2009,6.180009999999982
7/20/2009,6.600035999999989
7/17/2009,8.780024999999966
7/16/2009,11.650000000000034
7/15/2009,10.190017000000012
7/14/2009,5.859997000000021
7/13/2009,9.340009000000009
7/10/2009,8.670024999999953
7/9/2009,8.650023000000033
7/8/2009,7.940003000000047
7/7/2009,13.210026999999968
7/6/2009,8.980020999999965
7/2/2009,8.600031000000001
7/1/2009,8.249998000000005
6/30/2009,8.990007000000048
6/29/2009,5.560017000000016
6/26/2009,15.120024999999998
6/25/2009,9.389999999999986
6/24/2009,5.670018000000027
6/23/2009,6.44001499999996
6/22/2009,15.600029000000006
6/19/2009,5.8799999999999955
6/18/2009,5.689988999999969
6/17/2009,8.16000200000002
6/16/2009,5.67001700000003
6/15/2009,7.500035000000025
6/12/2009,6.490035999999975
6/11/2009,5.3600210000000175
6/10/2009,11.220017999999982
6/9/2009,8.740019000000018
6/8/2009,6.800000999999952
6/5/2009,7.880025000000046
6/4/2009,6.739994000000024
6/3/2009,8.460012000000006
6/2/2009,6.560029999999983
6/1/2009,11.070013000000017
5/29/2009,6.530011999999999
5/28/2009,7.01001500000001
5/27/2009,7.050020000000018
5/26/2009,15.000039999999956
5/22/2009,6.650027000000023
5/21/2009,9.000023999999996
5/20/2009,10.670019999999965
5/19/2009,8.640005999999971
5/18/2009,11.910034999999993
5/15/2009,5.020005999999967
5/14/2009,7.520006999999964
5/13/2009,8.040017000000034
5/12/2009,15.880037000000016
5/11/2009,10.80002300000001
5/8/2009,15.130042000000003
5/7/2009,12.490021999999954
5/6/2009,7.280005000000017
5/5/2009,7.750023999999996
5/4/2009,7.610005000000001
5/1/2009,6.039989999999989
4/30/2009,8.950032999999962
4/29/2009,9.140012000000013
4/28/2009,7.510020999999995
4/27/2009,6.740024000000005
4/24/2009,12.680002000000002
4/23/2009,8.64003600000001
4/22/2009,10.990002000000004
4/21/2009,8.200007999999968
4/20/2009,14.760037999999952
4/17/2009,15.010025999999982
4/16/2009,11.880015000000014
4/15/2009,16.900021000000038
4/14/2009,11.389994999999999
4/13/2009,8.800027
4/9/2009,8.100023999999962
4/8/2009,8.79001100000005
4/7/2009,8.440008999999975
4/6/2009,8.420006
4/3/2009,13.72001899999998
4/2/2009,9.43999100000002
4/1/2009,14.630035999999961
3/31/2009,7.330026999999973
3/30/2009,7.7600100000000225
3/27/2009,6.530011000000002
3/26/2009,10.660033999999996
3/25/2009,15.090036999999995
3/24/2009,9.84001500000005
3/23/2009,16.42004799999995
3/20/2009,6.649996000000044
3/19/2009,8.620033999999976
3/18/2009,11.950009999999963
3/17/2009,16.25004100000001
3/16/2009,11.140037000000007
3/13/2009,8.430023000000006
3/12/2009,11.350019999999972
3/11/2009,14.290051000000005
3/10/2009,16.25004100000001
3/9/2009,17.12005099999999
3/6/2009,15.940044999999998
3/5/2009,16.440050999999983
3/4/2009,13.620006000000046
3/3/2009,11.340003000000024
3/2/2009,14.700030000000027
2/27/2009,12.710019999999986
2/26/2009,15.330007999999964
2/25/2009,13.380034999999964
2/24/2009,18.730008999999995
2/23/2009,20.250061000000017
2/20/2009,13.920016000000032
2/19/2009,18.390023999999983
2/18/2009,12.860026000000005
2/17/2009,7.400021999999979
2/13/2009,7.760009000000025
2/12/2009,12.140019999999993
2/11/2009,12.000001000000054
2/10/2009,19.61003599999998
2/9/2009,13.700017000000003
2/6/2009,18.37002100000001
2/5/2009,18.380038000000013
2/4/2009,15.27003000000002
2/3/2009,9.170001000000013
2/2/2009,13.000014000000021
1/30/2009,12.800018000000023
1/29/2009,4.9400249999999915
1/28/2009,16.020024999999976
1/27/2009,9.600044000000025
1/26/2009,7.440026999999986
1/23/2009,27.740049
1/22/2009,14.200023999999985
1/21/2009,15.150045000000034
1/20/2009,16.750016000000016
1/16/2009,12.549999000000014
1/15/2009,16.79002200000002
1/14/2009,16.050044000000014
1/13/2009,10.210018999999988
1/12/2009,8.720016999999984
1/9/2009,14.100040999999976
1/8/2009,7.850006000000008
1/7/2009,12.159991999999988
1/6/2009,14.410036999999988
1/5/2009,16.24005500000004
1/2/2009,16.32003400000002
12/31/2008,8.390017999999998
12/30/2008,8.100025000000016
12/29/2008,9.800008999999989
12/26/2008,6.950007000000028
12/24/2008,7.960006000000021
12/23/2008,6.640009999999961
12/22/2008,18.87002799999999
12/19/2008,8.790010999999993
12/18/2008,11.240020000000015
12/17/2008,9.710012000000006
12/16/2008,18.23003299999999
12/15/2008,13.38003500000002
12/12/2008,22.47002500000002
12/11/2008,15.080050999999969
12/10/2008,10.390012000000013
12/9/2008,20.990039000000024
12/8/2008,27.440068999999994
12/5/2008,20.220041999999978
12/4/2008,14.720002000000022
12/3/2008,16.020024999999976
12/2/2008,15.200036000000011
12/1/2008,21.40004799999997
11/28/2008,8.170018000000027
11/26/2008,19.260033999999962
11/25/2008,19.340045999999973
11/24/2008,20.940016999999983
11/21/2008,22.07003199999997
11/20/2008,23.900018999999986
11/19/2008,21.610062000000028
11/18/2008,18.380038000000013
11/17/2008,12.210045000000036
11/14/2008,22.430019000000016
11/13/2008,33.00005700000003
11/12/2008,24.730054999999993
11/11/2008,15.780022999999971
11/10/2008,19.970024000000024
11/7/2008,15.820028000000036
11/6/2008,18.610023000000012
11/5/2008,27.570042
11/4/2008,26.860051999999996
11/3/2008,21.560009000000036
10/31/2008,17.690021
10/30/2008,13.630022999999994
10/29/2008,18.630025999999987
10/28/2008,40.800072
10/27/2008,17.40002800000002
10/24/2008,25.73003799999998
10/23/2008,20.01002900000003
10/22/2008,25.69003200000003
10/21/2008,21.780038999999988
10/20/2008,21.39003200000002
10/17/2008,22.450053000000025
10/16/2008,47.060062000000016
10/15/2008,20.170020000000022
10/14/2008,37.50005299999998
10/13/2008,36.200061000000005
10/10/2008,31.59006499999998
10/9/2008,26.900027999999963
10/8/2008,32.88007099999999
10/7/2008,29.610073
10/6/2008,18.83005300000002
10/3/2008,29.430048
10/2/2008,23.98003
10/1/2008,13.880011000000025
9/30/2008,32.76005500000002
9/29/2008,42.800066000000015
9/26/2008,16.13002499999999
9/25/2008,14.02003000000002
9/24/2008,14.890010000000018
9/23/2008,15.070033999999964
9/22/2008,25.130047999999988
9/19/2008,18.79001599999998
9/18/2008,28.680023000000006
9/17/2008,25.70004899999998
9/16/2008,23.79001999999997
9/15/2008,18.260051999999973
9/12/2008,12.990027999999995
9/11/2008,28.710041999999987
9/10/2008,14.800043000000016
9/9/2008,17.38002499999999
9/8/2008,35.39005800000001
9/5/2008,12.380021999999997
9/4/2008,13.840004999999962
9/3/2008,14.710045999999977
9/2/2008,20.760054000000025
8/29/2008,8.680010999999979
8/28/2008,6.1200019999999995
8/27/2008,9.989989999999977
8/26/2008,12.870011000000034
8/25/2008,15.500015000000019
8/22/2008,5.399995999999987
8/21/2008,10.630015000000014
8/20/2008,14.120012000000031
8/19/2008,11.650030000000015
8/18/2008,14.490015999999969
8/15/2008,5.160024000000021
8/14/2008,11.32000099999999
8/13/2008,9.660021000000029
8/12/2008,8.13001300000002
8/11/2008,17.100017999999977
8/8/2008,20.06002000000001
8/7/2008,7.5900009999999725
8/6/2008,17.26000799999997
8/5/2008,13.750008000000037
8/4/2008,11.110018000000025
8/1/2008,10.720011
7/31/2008,9.450009000000023
7/30/2008,13.210026999999968
7/29/2008,9.260029000000031
7/28/2008,16.96002900000002
7/25/2008,11.630026999999984
7/24/2008,21.250044000000003
7/23/2008,19.13003199999997
7/22/2008,14.650037999999995
7/21/2008,18.390023999999983
7/18/2008,20.79004199999997
7/17/2008,12.549998999999957
7/16/2008,25.900045000000034
7/15/2008,26.400082000000054
7/14/2008,24.610007999999993
7/11/2008,20.070036999999957
7/10/2008,18.780061000000046
7/9/2008,14.95007899999996
7/8/2008,15.189988999999969
7/7/2008,13.400037999999995
7/3/2008,11.729979999999955
7/2/2008,14.319977999999992
7/1/2008,19.720035999999936
6/30/2008,14.940031999999974
6/27/2008,14.910074000000009
6/26/2008,16.67000500000006
6/25/2008,14.129998
6/24/2008,16.090017999999986
6/23/2008,11.130021000000056
6/20/2008,12.469988000000058
6/19/2008,12.970024999999964
6/18/2008,9.829997999999932
6/17/2008,9.69001000000003
6/16/2008,12.600051000000008
6/13/2008,14.35998399999994
6/12/2008,11.11997400000007
6/11/2008,12.879966999999965
6/10/2008,12.040037000000098
6/9/2008,24.600021999999967
6/6/2008,13.72001899999998
6/5/2008,11.83002399999998
6/4/2008,13.450028999999972
6/3/2008,19.89004299999999
6/2/2008,12.620023999999944
5/30/2008,8.620034000000032
5/29/2008,12.680063000000018
5/28/2008,10.390012999999954
5/27/2008,18.74998000000005
5/23/2008,15.189989000000082
5/22/2008,13.960052000000019
5/21/2008,33.52006600000004
5/20/2008,9.569993999999951
5/19/2008,15.35999599999991
5/16/2008,6.360003000000006
5/15/2008,7.340044000000034
5/14/2008,15.940043999999943
5/13/2008,9.400046999999972
5/12/2008,17.840088000000037
5/9/2008,13.70004700000004
5/8/2008,10.390012999999954
5/7/2008,23.06002799999999
5/6/2008,8.999993000000018
5/5/2008,11.870030000000042
5/2/2008,23.150026000000025
5/1/2008,17.96004300000004
4/30/2008,26.39003500000001
4/29/2008,13.390050999999971
4/28/2008,17.810006999999928
4/25/2008,10.269997000000103
4/24/2008,14.470014000000106
4/23/2008,18.360034999999925
4/22/2008,23.270040999999992
4/21/2008,12.300042000000076
4/18/2008,22.930025999999998
4/17/2008,12.850039999999979
4/16/2008,17.280012
4/15/2008,16.000022
4/14/2008,7.300007999999991
4/11/2008,12.250020000000006
4/10/2008,12.010018000000002
4/9/2008,14.460027000000025
4/8/2008,12.130033999999966
4/7/2008,11.91003500000005
4/4/2008,21.630033999999966
4/3/2008,15.160031000000004
4/2/2008,15.350041999999974
4/1/2008,19.63003900000001
3/31/2008,10.680035999999973
3/28/2008,19.260033999999962
3/27/2008,8.120026999999993
3/26/2008,13.58003100000002
3/25/2008,11.470006000000012
3/24/2008,28.06003099999998
3/20/2008,18.20004399999999
3/19/2008,15.830014000000006
3/18/2008,15.31000499999999
3/17/2008,21.600045000000023
3/14/2008,18.72002299999997
3/13/2008,18.20001400000001
3/12/2008,9.810025999999993
3/11/2008,15.500045999999998
3/10/2008,17.960012000000006
3/7/2008,13.760025000000041
3/6/2008,22.120053999999982
3/5/2008,10.170044000000019
3/4/2008,17.58005300000002
3/3/2008,22.61004399999996
2/29/2008,15.090006000000017
2/28/2008,11.73001099999999
2/27/2008,15.850048000000015
2/26/2008,19.620022000000006
2/25/2008,20.760054000000025
2/22/2008,11.450034000000016
2/21/2008,13.710032999999953
2/20/2008,12.190042000000005
2/19/2008,28.560037000000023
2/15/2008,8.330010000000016
2/14/2008,10.040011999999933
2/13/2008,16.29997000000003
2/12/2008,17.57000400000004
2/11/2008,10.310002000000054
2/8/2008,9.030042999999978
2/7/2008,19.430041999999958
2/6/2008,13.240016000000026
2/5/2008,20.480046000000016
2/4/2008,20.23002800000006
2/1/2008,26.670073000000002
1/31/2008,38.710109999999986
1/30/2008,16.920024000000012
1/29/2008,20.660009999999943
1/28/2008,23.64001499999995
1/25/2008,28.820071999999982
1/24/2008,25.550043999999957
1/23/2008,49.00007900000003
1/22/2008,36.30004399999996
1/18/2008,11.54006199999992
1/17/2008,27.730063000000087
1/16/2008,38.06003799999996
1/15/2008,13.670028000000002
1/14/2008,12.150068000000033
1/11/2008,19.360048000000006
1/10/2008,17.090032000000065
1/9/2008,30.830085000000054
1/8/2008,28.960060999999996
1/7/2008,24.930052000000046
1/4/2008,25.96002299999998
1/3/2008,10.330036000000064
1/2/2008,19.640085999999997
12/31/2007,11.909974000000034
12/28/2007,11.409997999999973
12/27/2007,15.26001400000007
12/26/2007,15.00999499999989
12/24/2007,7.67001300000004
12/21/2007,6.020048999999972
12/20/2007,10.390012999999954
12/19/2007,10.500044000000003
12/18/2007,24.210015
12/17/2007,31.750026000000048
12/14/2007,12.440030000000093
12/13/2007,16.410000999999966
12/12/2007,25.820033999999964
12/11/2007,22.21005100000002
12/10/2007,10.800053000000048
12/7/2007,7.50000399999999
12/6/2007,19.550088999999957
12/5/2007,11.430030999999985
12/4/2007,14.879993000000013
12/3/2007,13.860068999999953
11/30/2007,28.950075000000083
11/29/2007,15.01998100000003
11/28/2007,22.16005999999993
11/27/2007,26.170034999999984
11/26/2007,28.400047000000086
11/23/2007,10.170014000000037
11/21/2007,27.89002400000004
11/20/2007,26.230012999999985
11/19/2007,18.270038
11/16/2007,19.470078000000058
11/15/2007,23.500088000000005
11/14/2007,39.22007199999996
11/13/2007,28.850031000000058
11/12/2007,43.720099000000005
11/9/2007,20.669996000000083
11/8/2007,57.71010899999999
11/7/2007,24.10004600000002
11/6/2007,16.79002200000002
11/5/2007,24.16002400000002
11/2/2007,16.240053999999986
11/1/2007,11.940053999999918
10/31/2007,10.960013000000004
10/30/2007,22.400091999999972
10/29/2007,7.909982999999897
10/26/2007,8.479984000000059
10/25/2007,15.420034999999984
10/24/2007,17.910050999999953
10/23/2007,17.600054999999998
10/22/2007,18.72002199999997
10/19/2007,15.260012999999958
10/18/2007,12.870042000000012
10/17/2007,12.410072000000014
10/16/2007,13.93003299999998
10/15/2007,24.309998000000064
10/12/2007,20.160033999999996
10/11/2007,32.41008399999998
10/10/2007,8.880038000000013
10/9/2007,15.390015999999946
10/8/2007,16.310018000000014
10/5/2007,8.990067999999951
10/4/2007,8.030061000000046
10/3/2007,8.630019000000061
10/2/2007,16.800007999999934
10/1/2007,14.740065999999956
9/28/2007,5.430016000000023
9/27/2007,5.960010000000011
9/26/2007,7.9800089999999955
9/25/2007,6.7000189999999975
9/24/2007,11.460050000000024
9/21/2007,7.959974999999986
9/20/2007,10.770033999999896
9/19/2007,10.589977999999974
9/18/2007,12.980011999999988
9/17/2007,5.210015999999996
9/14/2007,8.050032999999985
9/13/2007,3.990003999999999
9/12/2007,8.979960000000005
9/11/2007,5.9200049999999464
9/10/2007,11.190028999999981
9/7/2007,4.440049999999928
9/6/2007,11.590053000000012
9/5/2007,7.230013999999983
9/4/2007,13.380003999999985
8/31/2007,5.030021999999974
8/30/2007,4.819977999999992
8/29/2007,6.070010000000025
8/28/2007,9.190034000000026
8/27/2007,6.050006999999994
8/24/2007,7.050019999999961
8/23/2007,9.129995000000065
8/22/2007,7.000028999999984
8/21/2007,10.39001300000001
8/20/2007,6.560000000000002
8/17/2007,9.350025000000016
8/16/2007,15.970034000000055
8/15/2007,14.980037000000038
8/14/2007,9.400017000000048
8/13/2007,6.720020999999974
8/10/2007,13.090010999999947
8/9/2007,12.190011000000027
8/8/2007,8.689997000000062
8/7/2007,10.840027999999961
8/6/2007,7.650009000000011
8/3/2007,10.200003000000038
8/2/2007,5.989998999999955
8/1/2007,8.370014999999967
7/31/2007,10.440005000000042
7/30/2007,8.84000199999997
7/27/2007,11.120003999999994
7/26/2007,13.710032999999953
7/25/2007,11.45998899999995
7/24/2007,11.580036000000007
7/23/2007,7.849974999999972
7/20/2007,13.680014999999969
7/19/2007,11.279994999999985
7/18/2007,10.690022999999997
7/17/2007,5.35000500000001
7/16/2007,9.270044999999982
7/13/2007,5.4200289999999995
7/12/2007,7.100011999999992
7/11/2007,6.4900049999999965
7/10/2007,5.350004000000013
7/9/2007,8.479984000000059
7/6/2007,5.1399920000000066
7/5/2007,12.249989000000028
7/3/2007,6.899985000000015
7/2/2007,7.65003999999999
6/29/2007,7.940003000000047
6/28/2007,5.70000600000003
6/27/2007,8.430053999999927
6/26/2007,6.960022999999978
6/25/2007,11.609962999999993
6/22/2007,8.89002400000004
6/21/2007,9.010010000000023
6/20/2007,9.69001000000003
6/19/2007,5.710022999999978
6/18/2007,11.759998999999937
6/15/2007,7.770025999999973
6/14/2007,4.17998399999999
6/13/2007,9.850031999999999
6/12/2007,8.500017000000014
6/11/2007,8.249999000000003
6/8/2007,10.180000000000064
6/7/2007,13.990040999999906
6/6/2007,5.520012000000065
6/5/2007,12.390038999999945
6/4/2007,12.92003299999999
6/1/2007,7.0899950000000445
5/31/2007,11.720025000000021
5/30/2007,15.84003100000001
5/29/2007,7.8000149999999735
5/25/2007,7.679998000000012
5/24/2007,7.7000320000000215
5/23/2007,9.660020999999972
5/22/2007,6.010001999999986
5/21/2007,12.480035999999984
5/18/2007,2.949986000000024
5/17/2007,4.409999999999968
5/16/2007,14.120013000000029
5/15/2007,5.130035999999961
5/14/2007,7.509990999999957
5/11/2007,6.00001599999996
5/10/2007,8.470029000000011
5/9/2007,7.850006000000008
5/8/2007,3.4400060000000394
5/7/2007,6.350018000000034
5/4/2007,8.960017999999991
5/3/2007,8.780024000000026
5/2/2007,5.350004000000013
5/1/2007,8.640006000000028
4/30/2007,9.970017999999982
4/27/2007,4.070014999999955
4/26/2007,7.340014000000053
4/25/2007,5.26000700000003
4/24/2007,4.430002999999999
4/23/2007,6.740024000000005
4/20/2007,10.480009999999993
4/19/2007,12.360018999999966
4/18/2007,10.37000999999998
4/17/2007,4.79001999999997
4/16/2007,8.84000199999997
4/13/2007,5.410011999999995
4/12/2007,5.760014000000012
4/11/2007,6.790016000000037
4/10/2007,5.630011999999965
4/9/2007,7.410007000000007
4/5/2007,2.469982000000016
4/4/2007,3.4200030000000083
4/3/2007,10.250024999999994
4/2/2007,6.410025000000019
3/30/2007,7.260033000000021
3/29/2007,11.000019000000009
3/28/2007,5.290027000000009
3/27/2007,4.890003000000036
3/26/2007,9.380014000000017
3/23/2007,6.310011999999972
3/22/2007,9.640018999999995
3/21/2007,11.360005999999998
3/20/2007,4.000021000000004
3/19/2007,7.870008999999982
3/16/2007,6.810018000000014
3/15/2007,5.8799999999999955
3/14/2007,9.660021000000029
3/13/2007,9.100006000000008
3/12/2007,4.1400090000000205
3/9/2007,8.300021000000015
3/8/2007,11.400042999999982
3/7/2007,8.850019000000032
3/6/2007,11.620010999999977
3/5/2007,8.500017000000014
3/2/2007,10.020007999999962
3/1/2007,12.420028000000002
2/28/2007,10.630015000000014
2/27/2007,12.63000999999997
2/26/2007,11.500024999999994
2/23/2007,9.149997999999982
2/22/2007,9.850031999999999
2/21/2007,10.940009999999972
2/20/2007,8.039985999999999
2/16/2007,8.090007999999955
2/15/2007,5.410012999999992
2/14/2007,9.910009000000002
2/13/2007,5.519980999999973
2/12/2007,7.370033000000035
2/9/2007,11.18001300000003
2/8/2007,8.60000100000002
2/7/2007,5.570034999999962
2/6/2007,6.040020999999967
2/5/2007,11.810021000000006
2/2/2007,7.190039000000013
2/1/2007,24.48003699999998
1/31/2007,9.490012999999976
1/30/2007,6.780030000000011
1/29/2007,8.249998000000005
1/26/2007,10.870017000000018
1/25/2007,18.84000800000001
1/24/2007,16.250040000000013
1/23/2007,7.460000000000036
1/22/2007,14.150031999999953
1/19/2007,4.019992000000002
1/18/2007,9.05001500000003
1/17/2007,13.39002099999999
1/16/2007,9.699995999999942
1/12/2007,5.000002999999992
1/11/2007,5.570002999999986
1/10/2007,11.510041999999999
1/9/2007,7.050019999999961
1/8/2007,7.6700120000000425
1/5/2007,9.390031000000022
1/4/2007,15.600029000000006
1/3/2007,15.55003800000003
12/29/2006,4.610027000000002
12/28/2006,6.330015000000003
12/27/2006,8.979989999999987
12/26/2006,4.879986000000031
12/22/2006,5.910019000000034
12/21/2006,12.910016999999982
12/20/2006,9.170000999999957
12/19/2006,10.810007999999982
12/18/2006,22.020040999999992
12/15/2006,4.270012000000008
12/14/2006,6.490005999999994
12/13/2006,8.480015000000037
12/12/2006,6.080025999999975
12/11/2006,5.100015999999982
12/8/2006,8.600031000000001
12/7/2006,9.38001399999996
12/6/2006,7.879995000000008
12/5/2006,4.549988999999982
12/4/2006,8.07999099999995
12/1/2006,9.890005999999971
11/30/2006,8.850019000000032
11/29/2006,12.49002200000001
11/28/2006,12.830006000000026
11/27/2006,17.03002299999997
11/24/2006,3.4999839999999836
11/22/2006,7.219996999999978
11/21/2006,14.170004000000006
11/20/2006,5.749997000000008
11/17/2006,6.660012999999992
11/16/2006,5.119988000000035
11/15/2006,7.919999999999959
11/14/2006,9.450008000000025
11/13/2006,7.030018000000041
11/10/2006,4.430002000000002
11/9/2006,7.630006999999978
11/8/2006,13.140033000000017
11/7/2006,7.250016999999957
11/6/2006,7.33002799999997
11/3/2006,8.689998000000003
11/2/2006,7.349999999999966
11/1/2006,13.870024
10/31/2006,8.32002399999999
10/30/2006,10.450020999999992
10/27/2006,12.749995000000013
10/26/2006,7.760009000000025
10/25/2006,13.39002099999999
10/24/2006,6.450031000000024
10/23/2006,24.270023999999978
10/20/2006,6.510007999999971
10/19/2006,9.930011999999977
10/18/2006,7.250016999999957
10/17/2006,7.049990000000037
10/16/2006,7.860023000000012
10/13/2006,3.9400130000000217
10/12/2006,5.680003999999997
10/11/2006,6.1499900000000025
10/10/2006,15.460039999999992
10/9/2006,8.530036999999993
10/6/2006,12.160022999999967
10/5/2006,7.380018000000007
10/4/2006,12.72000700000001
10/3/2006,8.270001999999977
10/2/2006,5.2000000000000455
9/29/2006,4.210004000000026
9/28/2006,6.440014000000019
9/27/2006,8.849987999999996
9/26/2006,5.910018999999977
9/25/2006,6.950007000000028
9/22/2006,6.08998200000002
9/21/2006,8.590013999999996
9/20/2006,12.770029000000022
9/19/2006,22.750031999999976
9/18/2006,9.219992999999988
9/15/2006,3.310003999999992
9/14/2006,4.349991999999986
9/13/2006,11.660016999999982
9/12/2006,7.850035999999989
9/11/2006,6.920018000000027
9/8/2006,4.070014000000015
9/7/2006,4.350022000000024
9/6/2006,3.530003000000022
9/5/2006,7.960006000000021
9/1/2006,4.090016999999989
8/31/2006,3.949998999999991
8/30/2006,6.140004000000033
8/29/2006,5.120020000000011
8/28/2006,5.949994000000004
8/25/2006,2.8200140000000147
8/24/2006,4.1399789999999825
8/23/2006,5.610008999999991
8/22/2006,4.4200159999999755
8/21/2006,3.7799909999999954
8/18/2006,6.340001000000029
8/17/2006,6.079996000000051
8/16/2006,6.330015000000003
8/15/2006,9.070018000000005
8/14/2006,6.459986000000015
8/11/2006,7.280005000000017
8/10/2006,5.209985000000017
8/9/2006,8.31999300000001
8/8/2006,5.410011999999995
8/7/2006,8.57999799999999
8/4/2006,8.930029999999988
8/3/2006,14.550025000000005
8/2/2006,11.970042999999976
8/1/2006,10.26001100000002
7/31/2006,5.859997000000021
7/28/2006,7.830004000000031
7/27/2006,9.540034999999989
7/26/2006,8.909995999999978
7/25/2006,7.510021999999992
7/24/2006,12.68003200000004
7/21/2006,14.060035000000028
7/20/2006,18.780031000000008
7/19/2006,6.479988999999989
7/18/2006,12.830037000000004
7/17/2006,7.280006000000014
7/14/2006,12.880027999999982
7/13/2006,11.51001100000002
7/12/2006,6.010002000000043
7/11/2006,12.020035000000007
7/10/2006,8.850018999999975
7/7/2006,12.010017999999945
7/6/2006,3.4000010000000316
7/5/2006,7.1600199999999745
7/3/2006,4.320002999999986
6/30/2006,7.0000290000000405
6/29/2006,12.380021999999997
6/28/2006,5.350004999999953
6/27/2006,6.990013000000033
6/26/2006,5.049995000000024
6/23/2006,9.010010000000023
6/22/2006,18.000017000000014
6/21/2006,14.250015000000019
6/20/2006,5.3599909999999795
6/19/2006,7.820017000000007
6/16/2006,2.9300139999999715
6/15/2006,9.250010999999972
6/14/2006,12.580018999999993
6/13/2006,8.880007999999975
6/12/2006,9.490013999999974
6/9/2006,10.080016999999998
6/8/2006,15.680039999999963
6/7/2006,8.360029999999995
6/6/2006,13.700017000000003
6/5/2006,7.300007999999991
6/2/2006,9.630033000000026
6/1/2006,11.390026000000034
5/31/2006,11.47003699999999
5/30/2006,9.549991000000034
5/26/2006,5.850010999999995
5/25/2006,10.690022999999997
5/24/2006,11.830024000000037
5/23/2006,10.320018000000005
5/22/2006,7.780011000000002
5/19/2006,13.930031999999983
5/18/2006,11.10000100000002
5/17/2006,9.620016000000021
5/16/2006,6.970010000000002
5/15/2006,11.900018999999986
5/12/2006,11.320030999999972
5/11/2006,19.73002200000002
5/10/2006,9.850031000000001
5/9/2006,15.250027999999986
5/8/2006,7.070022999999992
5/5/2006,8.900010000000009
5/4/2006,6.660012999999992
5/3/2006,10.620029000000045
5/2/2006,14.090022999999974
5/1/2006,20.890056000000016
4/28/2006,9.43003600000003
4/27/2006,7.520038
4/26/2006,6.5100080000000276
4/25/2006,15.040014000000042
4/24/2006,8.180005000000051
4/21/2006,14.550025000000005
4/20/2006,7.8000149999999735
4/19/2006,6.9100010000000225
4/18/2006,8.330009999999959
4/17/2006,11.660016000000041
4/13/2006,9.260029000000031
4/12/2006,6.140035000000012
4/11/2006,12.880027999999982
4/10/2006,11.920020999999963
4/7/2006,8.830016999999998
4/6/2006,8.460012000000006
4/5/2006,11.750012999999967
4/4/2006,16.760032999999964
4/3/2006,4.540002000000015
3/31/2006,7.83999
3/30/2006,9.890037000000007
3/29/2006,19.490050999999994
3/28/2006,6.690001999999993
3/27/2006,6.710004999999967
3/24/2006,7.579985000000022
3/23/2006,5.55003099999999
3/22/2006,6.60000500000001
3/21/2006,12.580018999999993
3/20/2006,8.550008999999989
3/17/2006,6.850023999999962
3/16/2006,10.850043999999968
3/15/2006,11.770046999999977
3/14/2006,19.750054999999975
3/13/2006,10.650017999999989
3/10/2006,12.95002199999999
3/9/2006,17.030024000000026
3/8/2006,9.490013999999974
3/7/2006,10.300016000000028
3/6/2006,16.260027000000036
3/3/2006,11.480023000000017
3/2/2006,18.900048000000027
3/1/2006,8.150015999999994
2/28/2006,59.030103999999994
2/27/2006,11.420014999999978
2/24/2006,6.5800029999999765
2/23/2006,15.85001699999998
2/22/2006,5.090000000000032
2/21/2006,8.430023000000006
2/17/2006,8.520020000000045
2/16/2006,22.510029999999972
2/15/2006,8.170018999999968
2/14/2006,9.290016999999978
2/13/2006,8.70999999999998
2/10/2006,11.360006999999996
2/9/2006,18.29004100000003
2/8/2006,16.020024999999976
2/7/2006,20.350045000000023
2/6/2006,10.340022000000033
2/3/2006,21.33002399999998
2/2/2006,10.520015
2/1/2006,14.480030999999997
1/31/2006,15.630049000000042
1/30/2006,8.280017999999984
1/27/2006,9.240026
1/26/2006,16.430003999999997
1/25/2006,25.010032000000024
1/24/2006,10.470023999999967
1/23/2006,22.66003599999999
1/20/2006,45.29008200000004
1/19/2006,20.49006300000002
1/18/2006,14.110027000000002
1/17/2006,7.3700019999999995
1/13/2006,5.280011000000002
1/12/2006,13.49003399999998
1/11/2006,5.9299910000000295
1/10/2006,8.209992999999997
1/9/2006,12.460001999999974
1/6/2006,17.260040000000004
1/5/2006,10.050027999999998
1/4/2006,9.210037
1/3/2006,17.450018999999998
12/30/2005,4.470008000000007
12/29/2005,9.56003800000002
12/28/2005,6.519994999999994
12/27/2005,9.100007000000005
12/23/2005,3.720013999999992
12/22/2005,6.930003999999997
12/21/2005,16.150027000000023
12/20/2005,7.530023999999969
12/19/2005,26.10004200000003
12/16/2005,9.750017999999955
12/15/2005,6.640011000000015
12/14/2005,4.240023000000008
12/13/2005,6.3600040000000035
12/12/2005,5.2600080000000276
12/9/2005,7.220028000000013
12/8/2005,8.009996999999998
12/7/2005,7.690015000000017
12/6/2005,14.710014999999999
12/5/2005,13.220012999999994
12/2/2005,5.670018000000027
12/1/2005,7.1500030000000265
11/30/2005,12.890015000000005
11/29/2005,24.26003700000001
11/28/2005,8.799995999999965
11/25/2005,3.449992000000009
11/23/2005,8.940015999999957
11/22/2005,11.079998999999987
11/21/2005,16.490042000000017
11/18/2005,4.650000999999975
11/17/2005,4.27999699999998
11/16/2005,4.739999000000012
11/15/2005,6.050038000000029
11/14/2005,6.6900020000000495
11/11/2005,8.050002000000006
11/10/2005,13.920047000000011
11/9/2005,10.26001100000002
11/8/2005,7.01001500000001
11/7/2005,5.32001600000001
11/4/2005,6.34003100000001
11/3/2005,5.199998999999991
11/2/2005,7.830003999999974
11/1/2005,14.890039999999999
10/31/2005,15.240010999999981
10/28/2005,3.92999599999996
10/27/2005,5.410012999999992
10/26/2005,9.809995999999956
10/25/2005,4.540002000000015
10/24/2005,7.110028
10/21/2005,13.430025999999998
10/20/2005,9.92002500000001
10/19/2005,5.9099879999999985
10/18/2005,5.220002000000022
10/17/2005,10.640000999999984
10/14/2005,7.690015000000017
10/13/2005,11.32000099999999
10/12/2005,8.190021999999999
10/11/2005,7.7899980000000255
10/10/2005,5.670018000000027
10/7/2005,6.130018000000007
10/6/2005,4.3900279999999725
10/5/2005,6.900014999999996
10/4/2005,10.540017999999975
10/3/2005,7.320011000000022
9/30/2005,5.209986000000015
9/29/2005,4.640016000000003
9/28/2005,9.500030000000038
9/27/2005,5.030023000000028
9/26/2005,8.390017999999998
9/23/2005,4.620012999999972
9/22/2005,9.05001500000003
9/21/2005,7.800013999999976
9/20/2005,6.070009999999968
9/19/2005,5.290027000000009
9/16/2005,4.629998999999998
9/15/2005,8.840031999999951
9/14/2005,12.980012000000045
9/13/2005,9.360042000000021
9/12/2005,10.42003299999999
9/9/2005,2.540007000000003
9/8/2005,5.920005000000003
9/7/2005,10.220005000000015
9/6/2005,2.5900290000000155
9/2/2005,3.5500049999999987
9/1/2005,2.500001999999995
8/31/2005,4.1400090000000205
8/30/2005,3.6300170000000094
8/29/2005,6.8800130000000195
8/26/2005,2.3599820000000022
8/25/2005,4.030009000000007
8/24/2005,8.300021000000015
8/23/2005,5.619995000000017
8/22/2005,8.119996000000015
8/19/2005,1.8299879999999575
8/18/2005,5.500009999999975
8/17/2005,2.5699960000000033
8/16/2005,4.450004999999976
8/15/2005,9.000023999999996
8/12/2005,8.560025999999993
8/11/2005,5.960011000000009
8/10/2005,7.450013000000013
8/9/2005,4.170028000000002
8/8/2005,5.159993999999983
8/5/2005,7.20002599999998
8/4/2005,3.750001999999995
8/3/2005,4.120005999999989
8/2/2005,8.400003999999967
8/1/2005,4.400013999999999
7/29/2005,5.8500099999999975
7/28/2005,4.130022999999994
7/27/2005,5.830007999999964
7/26/2005,5.910018999999977
7/25/2005,8.330010000000016
7/22/2005,12.920034000000044
7/21/2005,6.590018999999984
7/20/2005,10.810007999999982
7/19/2005,8.550008999999989
7/18/2005,4.150025000000028
7/15/2005,3.6199999999999477
7/14/2005,6.680015999999966
7/13/2005,7.140017
7/12/2005,3.469994999999983
7/11/2005,5.580020000000047
7/8/2005,3.4500229999999874
7/7/2005,7.290022000000022
7/6/2005,6.220014999999989
7/5/2005,5.749998000000005
7/1/2005,7.020000999999979
6/30/2005,7.890011000000015
6/29/2005,12.230017000000032
6/28/2005,7.250017000000014
6/27/2005,10.610011999999983
6/24/2005,8.42003699999998
6/23/2005,8.310006999999985
6/22/2005,3.6499880000000076
6/21/2005,5.330002000000036
6/20/2005,15.940013999999962
6/17/2005,4.400013000000001
6/16/2005,5.230019000000027
6/15/2005,9.870033999999976
6/14/2005,3.4900279999999952
6/13/2005,7.670011999999986
6/10/2005,7.260002999999983
6/9/2005,7.94000299999999
6/8/2005,15.190020000000004
6/7/2005,9.290016999999978
6/6/2005,11.92002100000002
6/3/2005,11.890031999999962
6/2/2005,5.179996000000017
6/1/2005,10.870017000000018
5/31/2005,9.030012
5/27/2005,6.800002000000006
5/26/2005,5.460003999999969
5/25/2005,10.350007999999974
5/24/2005,11.940024000000022
5/23/2005,15.390031000000022
5/20/2005,2.020013000000006
5/19/2005,2.9000090000000114
5/18/2005,6.450015000000008
5/17/2005,3.2500110000000006
5/16/2005,3.049999999999983
5/13/2005,3.7700049999999976
5/12/2005,4.030010000000004
5/11/2005,4.0499969999999905
5/10/2005,3.080003000000005
5/9/2005,3.070001999999988
5/6/2005,2.7800080000000094
5/5/2005,2.7400030000000015
5/4/2005,2.880007000000006
5/3/2005,6.830021000000016
5/2/2005,3.4900130000000047
4/29/2005,4.430001999999973
4/28/2005,4.370010000000008
4/27/2005,4.110005000000001
4/26/2005,3.709996999999987
4/25/2005,7.220013000000023
4/22/2005,9.740016999999995
4/21/2005,5.68001799999999
4/20/2005,4.590007999999983
4/19/2005,3.9700009999999963
4/18/2005,4.389996999999994
4/15/2005,5.680018999999987
4/14/2005,4.2600100000000225
4/13/2005,4.590009000000009
4/12/2005,5.010004000000009
4/11/2005,2.480013999999983
4/8/2005,3.650004000000024
4/7/2005,5.979996999999997
4/6/2005,2.0700040000000115
4/5/2005,2.689996000000008
4/4/2005,5.480021999999991
4/1/2005,2.9600030000000004
3/31/2005,3.750001999999995
3/30/2005,1.8499900000000196
3/29/2005,5.2099999999999795
3/28/2005,3.8500000000000227
3/24/2005,1.6600109999999972
3/23/2005,2.2700010000000077
3/22/2005,4.090002999999996
3/21/2005,4.920006999999998
3/18/2005,2.0900080000000116
3/17/2005,3.839999000000006
3/16/2005,3.599997000000002
3/15/2005,5.790001999999987
3/14/2005,5.830007999999992
3/11/2005,3.8000089999999886
3/10/2005,3.800009000000017
3/9/2005,4.489994999999993
3/8/2005,4.88000199999999
3/7/2005,2.5699960000000033
3/4/2005,2.1800039999999967
3/3/2005,3.440006000000011
3/2/2005,3.310003999999992
3/1/2005,7.750008000000008
2/28/2005,4.0200089999999875
2/25/2005,4.409999999999997
2/24/2005,7.620005999999989
2/23/2005,5.8200219999999945
2/22/2005,8.510019
2/18/2005,2.1800039999999967
2/17/2005,2.9400149999999883
2/16/2005,5.0300069999999835
2/15/2005,6.7600120000000175
2/14/2005,12.080027000000001
2/11/2005,6.250002999999992
2/10/2005,6.960007999999988
2/9/2005,12.140019999999993
2/8/2005,5.490008000000017
2/7/2005,10.890018999999995
2/4/2005,5.150008000000014
2/3/2005,7.560012
2/2/2005,13.140017
2/1/2005,6.0300200000000075
1/31/2005,4.639999999999986
1/28/2005,8.360013999999978
1/27/2005,3.66000600000001
1/26/2005,10.260025999999982
1/25/2005,5.950008999999994
1/24/2005,9.010025000000013
1/21/2005,7.240015999999997
1/20/2005,4.250009000000006
1/19/2005,8.590014000000025
1/18/2005,6.360018999999994
1/14/2005,5.879998999999998
1/13/2005,3.340007999999983
1/12/2005,5.430014999999997
1/11/2005,4.530000000000001
1/10/2005,6.270005999999995
1/7/2005,5.470021000000003
1/6/2005,8.180003999999997
1/5/2005,4.670019999999994
1/4/2005,9.450024000000013
1/3/2005,8.180020000000013
12/31/2004,7.320025999999984
12/30/2004,6.380006000000009
12/29/2004,1.740005999999994
12/28/2004,2.5400069999999744
12/27/2004,4.200000999999986
12/23/2004,2.5999999999999943
12/22/2004,3.8399989999999775
12/21/2004,4.480009999999993
12/20/2004,6.590002999999996
12/17/2004,3.95001400000001
12/16/2004,4.540018000000003
12/15/2004,4.030010000000004
12/14/2004,9.220008000000007
12/13/2004,3.7300150000000087
12/10/2004,3.5900120000000015
12/9/2004,5.030007000000012
12/8/2004,4.950010999999989
12/7/2004,5.650013999999999
12/6/2004,4.680004999999994
12/3/2004,3.4600090000000137
12/2/2004,2.9600030000000004
12/1/2004,2.9500010000000145
11/30/2004,2.75000399999999
11/29/2004,5.440001999999993
11/26/2004,4.710010000000011
11/24/2004,4.700007999999997
11/23/2004,4.330003999999974
11/22/2004,8.190021000000002
11/19/2004,3.4599930000000256
11/18/2004,8.690011999999996
11/17/2004,8.500016999999986
11/16/2004,8.640021000000019
11/15/2004,9.570008999999999
11/12/2004,12.400009000000011
11/11/2004,16.180031000000014
11/10/2004,6.190010999999998
11/9/2004,9.930012000000005
11/8/2004,6.040006000000005
11/5/2004,13.750023999999996
11/4/2004,7.050004999999999
11/3/2004,10.850013999999987
11/2/2004,5.9100039999999865
11/1/2004,6.400009000000011
10/29/2004,9.350024999999988
10/28/2004,8.790011000000021
10/27/2004,7.750008000000008
10/26/2004,12.640027000000003
10/25/2004,21.880036999999987
10/22/2004,16.090034000000003
10/21/2004,8.510019
10/20/2004,9.390016000000003
10/19/2004,5.050009999999986
10/18/2004,7.990009999999984
10/15/2004,3.550005999999996
10/14/2004,3.8199970000000008
10/13/2004,3.470010000000002
10/12/2004,4.210003
10/11/2004,5.010004000000009
10/8/2004,2.660008000000005
10/7/2004,3.3300059999999974
10/6/2004,2.450009999999992
10/5/2004,6.290008999999998
10/4/2004,2.8400019999999984
10/1/2004,5.340003000000024
9/30/2004,3.300003000000004
9/29/2004,8.790018000000003
9/28/2004,7.190007999999992
9/27/2004,3.080003000000005
9/24/2004,4.340004999999991
9/23/2004,5.610009000000005
9/22/2004,2.8600040000000035
9/21/2004,2.910002999999989
9/20/2004,4.830003000000005
9/17/2004,3.9400049999999993
9/16/2004,4.150009999999995
9/15/2004,4.030008999999993
9/14/2004,5.210008000000002
9/13/2004,1.950004000000007
9/10/2004,5.260007000000002
9/9/2004,1.710002000000003
9/8/2004,2.530006
9/7/2004,2.3900090000000063
9/3/2004,2.4200060000000008
9/2/2004,3.4300050000000084
9/1/2004,3.300010999999998
8/31/2004,1.5500029999999896
8/30/2004,3.480012000000002
8/27/2004,2.930006000000006
8/26/2004,3.2900089999999977
8/25/2004,4.120007000000001
8/24/2004,8.030015000000006
8/23/2004,4.430009999999996
8/20/2004,8.580012999999994
8/19/2004,8.100016999999994
